Legkij sposob brosit' kurit',Allen Karr,https://www.litres.ru/allen-karr/legkiy-sposob-brosit-kurit/
Legkij sposob brosit' kurit',Allen Karr,https://www.litres.ru/allen-karr/legkiy-sposob-brosit-kurit-9535162/
Legkij sposob brosit' pit',Allen Karr,https://www.litres.ru/allen-karr/legkiy-sposob-brosit-pit/
Legkij sposob sbrosit' ves,Allen Karr,https://www.litres.ru/allen-karr/legkiy-sposob-sbrosit-ves/
Legkij sposob brosit' pit',Allen Karr,https://www.litres.ru/allen-karr/legkiy-sposob-brosit-pit-9535174/
Legkij sposob brosit' kurit' spetsial'no dlja zhenschin,Allen Karr,https://www.litres.ru/allen-karr/legkiy-sposob-brosit-kurit-specialno-dlya-zhenschin/
Legkij sposob sbrosit' ves,Allen Karr,https://www.litres.ru/allen-karr/legkiy-sposob-sbrosit-ves-9535169/
Legkij sposob brosit' kurit' spetsial'no dlja zhenschin,Allen Karr,https://www.litres.ru/allen-karr/legkiy-sposob-brosit-kurit-specialno-dlya-zhenschin-9535164/
Legkij sposob vyuchit' Python 3,Zed Shou,https://www.litres.ru/zed-shou/legkiy-sposob-vyuchit-python-3-25206565/
Legkij sposob zhit' bez dolgov,Allen Karr,https://www.litres.ru/allen-karr/legkiy-sposob-zhit-bez-dolgov/
Legkij sposob zhit' bez trevog i volnenij,Allen Karr,https://www.litres.ru/allen-karr/legkiy-sposob-zhit-bez-trevog-i-volneniy/
Edinstvennyj sposob brosit' kurit' navsegda,Allen Karr,https://www.litres.ru/allen-karr/edinstvennyy-sposob-brosit-kurit-navsegda/
Zabavy s karandashom. Samyj legkij sposob nauchit'sja risovat',Endrju Lumis,https://www.litres.ru/endru-lumis/zabavy-s-karandashom-samyy-legkiy-sposob-nauchitsya-risovat-21996497/
Legkij sposob naslazhdat'sja aviapereletami,Allen Karr,https://www.litres.ru/allen-karr/legkiy-sposob-naslazhdatsya-aviapereletami/
Legkij sposob dobit'sja uspeha,Allen Karr,https://www.litres.ru/allen-karr/legkiy-sposob-dobitsya-uspeha/
Legkij sposob brosit' kurit' v kratkom izlozhenii,Allen Karr,https://www.litres.ru/allen-karr/legkiy-sposob-brosit-kurit-v-kratkom-izlozhenii/
Legkij sposob zhit' bez pohmel'ja,Allen Karr,https://www.litres.ru/allen-karr/legkiy-sposob-zhit-bez-pohmelya/
Legkij sposob brosit' kurit' dlja zhenschin v kartinkah,Allen Karr,https://www.litres.ru/allen-karr/legkiy-sposob-brosit-kurit-dlya-zhenschin-v-kartinkah-8892661/
Legkij sposob zhit' bez diet,Allen Karr,https://www.litres.ru/allen-karr/legkiy-sposob-zhit-bez-diet/
